Job Title,Intern Token,Skills required,,,,,,,,,,,,,,,,,,,,,,,,,,,,,,,,,,,,,,,,,,,
ICT Graduate developer roles,4d31efd5e2cdcaeb34911bb225c134f2,Android,Front-end Web Frameworks,Linux / Unix,SQL,Testing,Web Development,Windows Universal Apps,Java,Javascript,PHP,Business Analysis,Agile,Network Architecture,Security Analysis,Machine Learning,,,,,,,,,,,,,,,,,,,,,,,,,,,,,
ICT Graduate developer roles,e7c44450d8c2c028f513fcc62fa1811d,Android,Front-end Web Frameworks,Linux / Unix,SQL,Testing,Web Development,Windows Universal Apps,Java,Javascript,PHP,Business Analysis,Agile,Network Architecture,Security Analysis,Machine Learning,,,,,,,,,,,,,,,,,,,,,,,,,,,,,
Android development internship,26c71bc5a2d2074be765ed3086efbf31,Android,Front-end Web Frameworks,Linux / Unix,SQL,Testing,Windows Universal Apps,Java,Javascript,User Experience (UX),Business Analysis,Agile,Network Architecture,Security Analysis,Test Cases,Automated Testing,,,,,,,,,,,,,,,,,,,,,,,,,,,,,
Casual HR Intern ,5d99dd28388e13d4fabc4302302e4298,Health and safety,HR strategy,Recruitment/sourcing,Performance management,Policy development,HR information/analytics,HR Technology,,,,,,,,,,,,,,,,,,,,,,,,,,,,,,,,,,,,,
Developer,72f3e1a7cd20dadd4d33e99075a6c6ea,Android,iOS / iPhone,Responsive Web,Web Development,Windows Universal Apps,CSS,git,HTML,Javascript,Objective C,AWS,,,,,,,,,,,,,,,,,,,,,,,,,,,,,,,,,
Developer,df1a10554dd2b606f2ca114f6b3d65d8,Android,iOS / iPhone,Responsive Web,Web Development,Windows Universal Apps,CSS,git,HTML,Javascript,Objective C,AWS,,,,,,,,,,,,,,,,,,,,,,,,,,,,,,,,,
Developer,61a63436ea2319b98f33494832a560a6,Android,iOS / iPhone,Responsive Web,Web Development,Windows Universal Apps,CSS,git,HTML,Javascript,Objective C,AWS,,,,,,,,,,,,,,,,,,,,,,,,,,,,,,,,,
Visual Designer / UX,000d153a480985065dc41a1859e053d0,Concept Art / Matt,Interaction Design,User Experience (UX),CS (Creative Suite),Illustrator,,,,,,,,,,,,,,,,,,,,,,,,,,,,,,,,,,,,,,,
Visual Designer / UX,0abd0ad361f5fb677400df06afae61f7,Concept Art / Matt,Interaction Design,User Experience (UX),CS (Creative Suite),Illustrator,,,,,,,,,,,,,,,,,,,,,,,,,,,,,,,,,,,,,,,
Web Application Developer (Internship),52eb6a28237896bbe5efb523eec5f522,Front-end Web Frameworks,Linux / Unix,Responsive Web,Testing,Web Development,CSS,Docker,git,HTML,Python,,,,,,,,,,,,,,,,,,,,,,,,,,,,,,,,,,
Data Engineer,237e7da72996737b5fd9febe6600a290,SQL,Java,Python,Data Analysis,Agile,,,,,,,,,,,,,,,,,,,,,,,,,,,,,,,,,,,,,,,
Content and Marketing Intern,1a7ab5877687e650c489255260566d9e,Video Editing,CS (Creative Suite),Photoshop,Social Media Marketing: Facebook advertising,Social Media Marketing: LinkedIn advertising,Social Media Marketing: Twitter advertising,Content Marketing,Copy Writing,Digital Marketing,Online Content Creation: Blogging,Online Content Creation: Content planning,Email Marketing,Event Management,Direct Marketing,Wordpress,,,,,,,,,,,,,,,,,,,,,,,,,,,,,
Web Development Intern,211da6099611859637ad45c2e8b71d07,Front-end Web Frameworks,Linux / Unix,Node.js,Web Development,Docker,git,Javascript,Data Analysis,Agile,Systems Engineering,Systems Infrastructure,DBA - NoSQL,Systems Administration - Unix / Linux,Test Cases,AWS,Amazon Web Services,,,,,,,,,,,,,,,,,,,,,,,,,,,,
Marketing Specialist,df01dfa082267d84b77225a76c8f6418,Content Marketing,Digital Marketing,Email Marketing,Verbal Communication,Event Management,Customer Support,Branding,Direct Marketing,,,,,,,,,,,,,,,,,,,,,,,,,,,,,,,,,,,,
Junior Developer,58911a3ca065dd09069e01ec2920f8b3,,,,,,,,,,,,,,,,,,,,,,,,,,,,,,,,,,,,,,,,,,,,
Human Resources Intern ,f8d8d4e79c4c138a7cafc8056de69f0a,Induction/onboarding,Health and safety,Rewards/benefits,Staff engagement,Recruitment/sourcing,Learning and development,Leadership,Organisational Development,Policy development,Business Partnering,Wellness,HR information/analytics,,,,,,,,,,,,,,,,,,,,,,,,,,,,,,,,
Human Resources Intern ,3a07fcbc395b6f4edbd9938f365f093c,Induction/onboarding,Health and safety,Rewards/benefits,Staff engagement,Recruitment/sourcing,Learning and development,Leadership,Organisational Development,Policy development,Business Partnering,Wellness,HR information/analytics,,,,,,,,,,,,,,,,,,,,,,,,,,,,,,,,
Ruby Developer - Summer Internship,a2fd4b8ed0a7e5702ffc457eac40526d,AI,Android,Front-end Web Frameworks,Linux / Unix,Node.js,Responsive Web,CSS,Docker,git,HTML,Javascript,Python,Ruby on Rails,User Experience (UX),Data Analysis,Agile,Machine Learning,Automation,Automated Testing,AWS,Amazon Web Services,React,,,,,,,,,,,,,,,,,,,,,,
Virtual/Augmented Reality  Developer,3ff095492b90d67731a2a7568b12203e,Windows Universal Apps,Javascript,C#,,,,,,,,,,,,,,,,,,,,,,,,,,,,,,,,,,,,,,,,,
Developer,b680f8c4009b067c58cf5c17e117cf81,Front-end Web Frameworks,Node.js,SQL,Web Development,Javascript,Python,Distributed Computing / Virtualisation,AWS,Amazon Web Services,,,,,,,,,,,,,,,,,,,,,,,,,,,,,,,,,,,
Software developer – Summer Internship,344a0cc4f630219b0e7e27c8e0915f17,HTML,Javascript,C#,Azure,,,,,,,,,,,,,,,,,,,,,,,,,,,,,,,,,,,,,,,,
Intern Designer,65513a53e91dbf77f0f518c17094a149,,,,,,,,,,,,,,,,,,,,,,,,,,,,,,,,,,,,,,,,,,,,
Marketing Coordinator ,f99009189eb9e44bf180fd342553f184,Social Media Marketing: Facebook advertising,Social Media Marketing: LinkedIn advertising,Social Media Marketing: Twitter advertising,Content Marketing,Digital Marketing,Email Marketing: Mailchimp,Email Marketing,Market Research,Verbal Communication,Event Management,Direct Marketing,,,,,,,,,,,,,,,,,,,,,,,,,,,,,,,,,
Full Time Permanent Software Developer,aafeae27806f274c468b485ae21e25ae,Front-end Web Frameworks,Testing,Web Development,git,Java,Javascript,C#,SQL Server,Agile,Automated Testing,Azure,,,,,,,,,,,,,,,,,,,,,,,,,,,,,,,,,
Internship - Developer,c75580dcc42129b1323a3cdd4c70cda2,Front-end Web Frameworks,Linux / Unix,Node.js,SQL,Web Development,CSS,git,HTML,Javascript,PHP,DBA - MySQL,DBA - NoSQL,VMware,Machine Learning,AWS,Amazon Web Services,,,,,,,,,,,,,,,,,,,,,,,,,,,,
Marketing & Sales  (Trade Me Insurance),2883b904dc7cd3af5a145437aad29617,,,,,,,,,,,,,,,,,,,,,,,,,,,,,,,,,,,,,,,,,,,,
Software Engineer,57c66870792ec6d6c936cc2d878e80ab,Computer Architecture,Front-end Web Frameworks,Linux / Unix,Node.js,Responsive Web,SQL,Testing,Web Development,CSS,Docker,git,HTML,Javascript,Postgres,Python,Ruby on Rails,Integration Testing,AWS,React,,,,,,,,,,,,,,,,,,,,,,,,,
Data Science Intern (WLG),0b047c5ca828bc63e3f52e148c0d350c,AI,Python,R,Data Analysis,Business Analysis,Statistics,Machine Learning,Data Modelling & Mining,,,,,,,,,,,,,,,,,,,,,,,,,,,,,,,,,,,,
Product Software Developer (WLG),f156e4c9d0fa2b01c518b1ef4569d537,SQL,Web Development,CSS,HTML,Java,Javascript,C#,VB.net,,,,,,,,,,,,,,,,,,,,,,,,,,,,,,,,,,,,
Product Software Developer (WLG),609544ed0074872b721ecef1d0b7b3e7,SQL,Web Development,CSS,HTML,Java,Javascript,C#,VB.net,,,,,,,,,,,,,,,,,,,,,,,,,,,,,,,,,,,,
Product Software Developer (WLG),5076511a5d878cf4dc7c300af59511c3,SQL,Web Development,CSS,HTML,Java,Javascript,C#,VB.net,,,,,,,,,,,,,,,,,,,,,,,,,,,,,,,,,,,,
Product Software Developer (WLG),2db54cd255d3f22e38d01b7dfd97dc5c,SQL,Web Development,CSS,HTML,Java,Javascript,C#,VB.net,,,,,,,,,,,,,,,,,,,,,,,,,,,,,,,,,,,,
Product Software Developer (WLG),871f0d88260663eafa074e7890dc38ab,SQL,Web Development,CSS,HTML,Java,Javascript,C#,VB.net,,,,,,,,,,,,,,,,,,,,,,,,,,,,,,,,,,,,
Product Design Intern (AKL),2bdcc6fe7b609d9c398a7b3e0ca0af59,Interaction Design,Typography,User Experience (UX),CS (Creative Suite),InDesign,Sketch,,,,,,,,,,,,,,,,,,,,,,,,,,,,,,,,,,,,,,
Infrastructure Engineer Intern (WLG),2a9de499430dce4d020dcc2852a5be5c,Docker,git,Python,Load Balancers,Automation,AWS,Amazon Web Services,Process Improvement,,,,,,,,,,,,,,,,,,,,,,,,,,,,,,,,,,,,
Data Engineer Intern (AKL),ad8827ae104666bc0aef4ebf8622011f,SQL,Docker,git,C#,Python,SQL Server,Systems Infrastructure,DBA - PostgreSQL,DBA - SQL Server,Systems Administration - Windows,AWS,Amazon Web Services,,,,,,,,,,,,,,,,,,,,,,,,,,,,,,,,
Mobile Intern (WLG),bcf36379fe04b1cc67619882647fdd14,Android,iOS / iPhone,git,Java,Objective C,Swift,User Experience (UX),,,,,,,,,,,,,,,,,,,,,,,,,,,,,,,,,,,,,
Security Operations Intern (WLG),598b97db80ac0198e1cc53860b6b527d,Node.js,SQL,Web Development,Javascript,C#,Python,Ruby on Rails,Information Security,Security Analysis,Systems Infrastructure,Systems Administration - Unix / Linux,Systems Administration - Windows,AWS,Amazon Web Services,,,,,,,,,,,,,,,,,,,,,,,,,,,,,,
Infrastructure Engineer Intern (AKL),42ab2f85febd5962470d64965ec18567,SQL,C#,VB.net,Perl,PHP,Puppet,Python,Ruby on Rails,Network Architecture,Systems Infrastructure,Systems Administration - Unix / Linux,Systems Administration - Windows,Amazon Web Services,,,,,,,,,,,,,,,,,,,,,,,,,,,,,,,
Infrastructure Engineer Intern (AKL),05a9b01e2238b45f4b997275d497ae97,SQL,C#,VB.net,Perl,PHP,Puppet,Python,Ruby on Rails,Network Architecture,Systems Infrastructure,Systems Administration - Unix / Linux,Systems Administration - Windows,Amazon Web Services,,,,,,,,,,,,,,,,,,,,,,,,,,,,,,,
Security Engineering Intern (WLG),4fa562a4ea4b58f21420eb3e1e49b8a8,git,Python,Ruby on Rails,Network Engineering,Security Analysis,Automation,AWS,,,,,,,,,,,,,,,,,,,,,,,,,,,,,,,,,,,,,
Communications Consultant,d481ed276f4c32e98ea8bbc6785003c8,Copy Writing,Online Content Creation: Blogging,Online Content Creation: Content planning,Verbal Communication,,,,,,,,,,,,,,,,,,,,,,,,,,,,,,,,,,,,,,,,
Product Software Developer (AKL),cf6f87b007fb10984150eecca4b69979,SQL,Web Development,CSS,HTML,Java,Javascript,C#,VB.net,,,,,,,,,,,,,,,,,,,,,,,,,,,,,,,,,,,,
Product Software Developer (AKL),7e885ad88ee31e1a8f035f6e1c238d25,SQL,Web Development,CSS,HTML,Java,Javascript,C#,VB.net,,,,,,,,,,,,,,,,,,,,,,,,,,,,,,,,,,,,
Communications Consultant,6047ac7e36499de633ae9fd2291e5f6f,Copy Writing,Online Content Creation: Blogging,Online Content Creation: Content planning,Verbal Communication,,,,,,,,,,,,,,,,,,,,,,,,,,,,,,,,,,,,,,,,
Product Software Developer (AKL),bf5f8ef10bb6d329d1ed9b176373e3ca,SQL,Web Development,CSS,HTML,Java,Javascript,C#,VB.net,,,,,,,,,,,,,,,,,,,,,,,,,,,,,,,,,,,,
Software Developer,78c7364d7f00ea05d35c7e58b251bed8,AI,Android,iOS / iPhone,Web Development,git,HTML,C#,SQL Server,Machine Learning,Automation,Azure,,,,,,,,,,,,,,,,,,,,,,,,,,,,,,,,,
ISP Network Engineer,af784266b1053dc44fab0d0dcb4299c9,Linux / Unix,git,Puppet,Python,Network Engineering,Systems Administration - Unix / Linux,VMware,,,,,,,,,,,,,,,,,,,,,,,,,,,,,,,,,,,,,
Software Development -Network Management,592e2b8894e275a5884286155eb07424,Javascript,,,,,,,,,,,,,,,,,,,,,,,,,,,,,,,,,,,,,,,,,,,
Software Engineer,eb435a660262dc559858b53128e3b92d,Linux / Unix,Network Programming,Docker,git,Java,Python,Agile,Clustering,Distributed Computing / Virtualisation,Network Architecture,Network Engineering,Automation,Automated Testing,AWS,Amazon Web Services,Process Improvement,,,,,,,,,,,,,,,,,,,,,,,,,,,,
Software Engineer,7e02c1627694a191b87d253cf0675224,Linux / Unix,Network Programming,Docker,git,Java,Python,Agile,Clustering,Distributed Computing / Virtualisation,Network Architecture,Network Engineering,Automation,Automated Testing,AWS,Amazon Web Services,Process Improvement,,,,,,,,,,,,,,,,,,,,,,,,,,,,
Tester,f0f20c9f89e6d6e6146ebcfd10f3e7bc,Testing,User Experience (UX),Agile,Integration Testing,Automated Testing,Risk Assessment,Process Improvement,,,,,,,,,,,,,,,,,,,,,,,,,,,,,,,,,,,,,
Tester,f47b5b0f25c3b67671ffe32434426ce6,Testing,User Experience (UX),Agile,Integration Testing,Automated Testing,Risk Assessment,Process Improvement,,,,,,,,,,,,,,,,,,,,,,,,,,,,,,,,,,,,,
Software Developer,ab13925992d8feeedb1eb21031e690c0,Front-end Web Frameworks,Node.js,Responsive Web,Web Development,CSS,Docker,git,HTML,Javascript,Postgres,Ruby on Rails,Integration Testing,Automated Testing,AWS,Rust,Amazon Web Services,,,,,,,,,,,,,,,,,,,,,,,,,,,,
Software Developer,bc459f6593bd82613d11061a9b32eb62,Front-end Web Frameworks,Node.js,Responsive Web,Web Development,CSS,Docker,git,HTML,Javascript,Postgres,Ruby on Rails,Integration Testing,Automated Testing,AWS,Rust,Amazon Web Services,,,,,,,,,,,,,,,,,,,,,,,,,,,,
Electronics Engineer,41f85e2c229f56634ad196efd318f408,Digital Circuit Design,Electronic Design,Micro-controller Programming,PCB Design,,,,,,,,,,,,,,,,,,,,,,,,,,,,,,,,,,,,,,,,
Electronics Engineer,aae7176432b0bb1712445b2f53e70fa5,Digital Circuit Design,Electronic Design,Micro-controller Programming,PCB Design,,,,,,,,,,,,,,,,,,,,,,,,,,,,,,,,,,,,,,,,
Software Developer Intern,bf8e172bf8498c4b518fa0d122587d7d,Front-end Web Frameworks,SQL,Testing,Web Development,git,HTML,Java,SQL Server,Clustering,Database Administration,Distributed Computing / Virtualisation,Security Analysis,Automation,Integration Testing,Azure,,,,,,,,,,,,,,,,,,,,,,,,,,,,,
Junior Developer,5d58d7a380398277dfe53a35a190caf2,C#,Agile,Integration Testing,Automated Testing,,,,,,,,,,,,,,,,,,,,,,,,,,,,,,,,,,,,,,,,
Software Developer,5872c0ff5e9050b2592f5faed56b3854,AI,Android,iOS / iPhone,Web Development,git,HTML,C#,SQL Server,Machine Learning,Automation,Azure,,,,,,,,,,,,,,,,,,,,,,,,,,,,,,,,,
Market Analytics Data Scientist,62bc7748b5c49f7602f074aa03bcb1a9,git,Oracle,Python,R,SQL Server,Data Analysis,Machine Learning,Data Modelling & Mining,,,,,,,,,,,,,,,,,,,,,,,,,,,,,,,,,,,,
Marketing Internship,dce094e6cfd40e582fc978a94e749cc6,,,,,,,,,,,,,,,,,,,,,,,,,,,,,,,,,,,,,,,,,,,,
Security Consultant - Hacker,bd2ec14dc6337361a34aaafb4578749a,Android,Computer Architecture,Front-end Web Frameworks,iOS / iPhone,Linux / Unix,Node.js,SQL,Web Development,C/C++,Docker,git,HTML,Java,Javascript,MySQL,C#,Perl,PHP,Postgres,Puppet,Python,Ruby on Rails,SQL Server,Agile,Database Administration,Firewalls,Information Security,Network Architecture,Security Analysis,Switches / Routers,Systems Administration - Unix / Linux,Systems Administration - Windows,Systems Administration - OS X,VMware,Automation,Staff engagement,Values,Wellness,Verbal Communication,AWS,Amazon Web Services,Process Improvement,Azure,Blockchain
Business Analyst,187695cdd736a56aba574091dd441c65,User Experience (UX),Data Analysis,Project Management,Business Analysis,Statistics,Agile,Risk Assessment,Process Improvement,,,,,,,,,,,,,,,,,,,,,,,,,,,,,,,,,,,,
Software Engineering Intern,2da635e819715558cdf9de1cc1c55416,Web Development,Docker,git,HTML,Javascript,Python,Data Analysis,Agile,React,,,,,,,,,,,,,,,,,,,,,,,,,,,,,,,,,,,
Integration Technology Consultant,b2e74231d10686e5af9651eef7ff1c1b,Distributed Programming,Agile,Automation,Process Improvement,,,,,,,,,,,,,,,,,,,,,,,,,,,,,,,,,,,,,,,,
Intern 1.0,53f870b2d0a38aebb645934f4609d7a9,Front-end Web Frameworks,Responsive Web,Testing,Web Development,CSS,Docker,git,HTML,Javascript,MySQL,PHP,Vagrant,User Experience (UX),Agile,AWS,React,,,,,,,,,,,,,,,,,,,,,,,,,,,,
Developer,d4a2b06475ea5abc375f423046f9c878,C#,SQL Server,,,,,,,,,,,,,,,,,,,,,,,,,,,,,,,,,,,,,,,,,,
Intern 2.0,420e82f5439ba6e6ee2e539b76ee92fd,Front-end Web Frameworks,Responsive Web,Testing,Web Development,CSS,Docker,git,HTML,Javascript,MySQL,PHP,Vagrant,User Experience (UX),Agile,AWS,React,,,,,,,,,,,,,,,,,,,,,,,,,,,,
Integration Technology Consultant,296ea62da8caa0741f7dcb8189e6c82b,Distributed Programming,Agile,Automation,Process Improvement,,,,,,,,,,,,,,,,,,,,,,,,,,,,,,,,,,,,,,,,
Software Developer Internship,f20f2ab19778355ab9c6a550fad101b0,Front-end Web Frameworks,Node.js,SQL,Testing,Web Development,CSS,HTML,Java,Javascript,C#,SQL Server,Agile,AWS,Amazon Web Services,React,,,,,,,,,,,,,,,,,,,,,,,,,,,,,
Software Developer Internship,31cfa3065f2e697e8c7beeab32308582,Front-end Web Frameworks,Node.js,SQL,Testing,Web Development,CSS,HTML,Java,Javascript,C#,SQL Server,Agile,AWS,Amazon Web Services,React,,,,,,,,,,,,,,,,,,,,,,,,,,,,,
Regulr iOS Developer ,da2d44f3c62abf0c7770625c1bb6b721,iOS / iPhone,git,Swift,,,,,,,,,,,,,,,,,,,,,,,,,,,,,,,,,,,,,,,,,
Integration Technology Consultant,40b51a982640cc9f0afdfee266afcf7e,Distributed Programming,Agile,Automation,Process Improvement,,,,,,,,,,,,,,,,,,,,,,,,,,,,,,,,,,,,,,,,
Web and Mobile GIS Development,3b806a51937d817112c697d4f45cbf99,Android,Front-end Web Frameworks,iOS / iPhone,Node.js,Responsive Web,SQL,Web Development,Windows Universal Apps,CSS,git,HTML,Java,Javascript,C#,Objective C,Postgres,Ruby on Rails,,,,,,,,,,,,,,,,,,,,,,,,,,,
Developer,385ec5d0c7dc8493ca6b08c9c96eef4c,Android,Front-end Web Frameworks,iOS / iPhone,SQL,Web Development,git,Java,React,,,,,,,,,,,,,,,,,,,,,,,,,,,,,,,,,,,,
Developer,24a60769fbe50b53eaae5590a3479dcd,Android,Front-end Web Frameworks,iOS / iPhone,SQL,Web Development,git,Java,React,,,,,,,,,,,,,,,,,,,,,,,,,,,,,,,,,,,,
Junior Developer,2976a205a3a95a5f8d14598e888b0ab7,Front-end Web Frameworks,Node.js,SQL,Web Development,CSS,git,HTML,Javascript,C#,SQL Server,User Experience (UX),Data Analysis,Business Analysis,Agile,Information Security,Automation,Test Cases,Integration Testing,Business Intelligence,Process Improvement,,,,,,,,,,,,,,,,,,,,,,,,
Junior Developer,dbe670e93772163daed9d4043170fdde,Front-end Web Frameworks,Node.js,SQL,Web Development,CSS,git,HTML,Javascript,C#,SQL Server,User Experience (UX),Data Analysis,Business Analysis,Agile,Information Security,Automation,Test Cases,Integration Testing,Business Intelligence,Process Improvement,,,,,,,,,,,,,,,,,,,,,,,,
Intern Developer - Full Stack,69a34509b0aeead164c4959000ae962c,Android,Front-end Web Frameworks,iOS / iPhone,Linux / Unix,Responsive Web,SQL,Web Development,CSS,Docker,git,HTML,Java,Javascript,React,,,,,,,,,,,,,,,,,,,,,,,,,,,,,,
Junior Software Developer/Engineer,fa58d8b9c8d412fc07b2948db73ff987,Linux / Unix,Network Programming,Node.js,SQL,git,Javascript,Information Security,Security Analysis,Integration Testing,Automated Testing,React,,,,,,,,,,,,,,,,,,,,,,,,,,,,,,,,,
Dev Ops Engineer - Summer Intern,8e2f3261dbb5d866b991a93fa8603000,,,,,,,,,,,,,,,,,,,,,,,,,,,,,,,,,,,,,,,,,,,,
Marketing Intern - Summer Internship,d25889d7ea9de873be7789d7d90e1163,Social Media Marketing: Facebook advertising,Social Media Marketing: LinkedIn advertising,Social Media Marketing: Twitter advertising,Digital Marketing,Market Research,Verbal Communication,Customer Support,Direct Marketing,,,,,,,,,,,,,,,,,,,,,,,,,,,,,,,,,,,,
Service Desk & Corporate Systems Support,03b13c2db9344cba79fc7790a94c147d,Customer Support,Technical Support,Customer Service,,,,,,,,,,,,,,,,,,,,,,,,,,,,,,,,,,,,,,,,,
HR Intern,45c3c36d7e17add58868a6eaa5502f63,,,,,,,,,,,,,,,,,,,,,,,,,,,,,,,,,,,,,,,,,,,,
Software Test Engineer,4ba087206c80454c20246bee7289892f,,,,,,,,,,,,,,,,,,,,,,,,,,,,,,,,,,,,,,,,,,,,
Business Analyst,8be3e422aa876f22add5227dc76f3866,,,,,,,,,,,,,,,,,,,,,,,,,,,,,,,,,,,,,,,,,,,,
Embedded Software Development (C),766b128dbfbcd8f65bee67613c5f8540,C/C++,,,,,,,,,,,,,,,,,,,,,,,,,,,,,,,,,,,,,,,,,,,
Embedded Software Development (C),ceae439e0daf0b161e1d9b00b2064ef3,C/C++,,,,,,,,,,,,,,,,,,,,,,,,,,,,,,,,,,,,,,,,,,,
Embedded Software Development (C),824eb6e432ef46b019f2d6d505623a7a,C/C++,,,,,,,,,,,,,,,,,,,,,,,,,,,,,,,,,,,,,,,,,,,
Embedded Software Development (C),731c6c25a8be9ea4cc1f7ff111d454d3,C/C++,,,,,,,,,,,,,,,,,,,,,,,,,,,,,,,,,,,,,,,,,,,
Solution Architect,98c39b88b6bb3a85a536e5e8b5afad8d,,,,,,,,,,,,,,,,,,,,,,,,,,,,,,,,,,,,,,,,,,,,
Intern - HR Services,113ff29ff284f7170b779ace37154fc8,,,,,,,,,,,,,,,,,,,,,,,,,,,,,,,,,,,,,,,,,,,,
Intern - Organisational Development,e13567a7ec7898c9f525c95e2aba0bf5,,,,,,,,,,,,,,,,,,,,,,,,,,,,,,,,,,,,,,,,,,,,
Solutions Analyst,7a94399f285a53b72d4142e1ca270027,,,,,,,,,,,,,,,,,,,,,,,,,,,,,,,,,,,,,,,,,,,,
Systems Engineer, Infrastructure,84ab4048bd96395229a061f5196529e1,Computer Architecture,Linux / Unix,Docker,git,Python,Firewalls,Load Balancers,Systems Engineering,Systems Infrastructure,Systems Administration - Unix / Linux,Systems Administration - Windows,Automation,,,,,,,,,,,,,,,,,,,,,,,,,,,,,,,
Systems Engineer, Infrastructure,3cf9f012b6e3da96f4a570aea8d94dad,Computer Architecture,Linux / Unix,Docker,git,Python,Firewalls,Load Balancers,Systems Engineering,Systems Infrastructure,Systems Administration - Unix / Linux,Systems Administration - Windows,Automation,,,,,,,,,,,,,,,,,,,,,,,,,,,,,,,
Systems Engineer, Infrastructure,92408318e7dcc198c850db6129cb5b5b,Computer Architecture,Linux / Unix,Docker,git,Python,Firewalls,Load Balancers,Systems Engineering,Systems Infrastructure,Systems Administration - Unix / Linux,Systems Administration - Windows,Automation,,,,,,,,,,,,,,,,,,,,,,,,,,,,,,,
Developer Internship,ba96f78357b3a3c2b152be79244d596a,SQL,Web Development,git,C#,,,,,,,,,,,,,,,,,,,,,,,,,,,,,,,,,,,,,,,,
UX & design internships,d40431d67857ab6e2e7b379b7e7b98a0,Interaction Design,User Experience (UX),After Effects,CS (Creative Suite),Illustrator,InDesign,Sketch,,,,,,,,,,,,,,,,,,,,,,,,,,,,,,,,,,,,,
UX & design internships,a87846b4f597d5a00df2c986686fb2b6,Interaction Design,User Experience (UX),After Effects,CS (Creative Suite),Illustrator,InDesign,Sketch,,,,,,,,,,,,,,,,,,,,,,,,,,,,,,,,,,,,,
Software Engineer ,2dc122de0fd416853dd32015d5dd5da0,Java,User Experience (UX),Agile,Automated Testing,,,,,,,,,,,,,,,,,,,,,,,,,,,,,,,,,,,,,,,,
Technology Internship,c5212d32b7cf552e15be0eb4699b8403,Clustering,Database Administration,Distributed Computing / Virtualisation,Firewalls,Information Security,Load Balancers,Network Architecture,Network Engineering,Security Analysis,Switches / Routers,Systems Engineering,Systems Infrastructure,DBA - MySQL,DBA - NoSQL,DBA - Oracle,DBA - PostgreSQL,DBA - SQL Server,Systems Administration - Unix / Linux,Systems Administration - Windows,Systems Administration - OS X,VMware,Amazon Web Services,Azure,,,,,,,,,,,,,,,,,,,,,
Developer (Marketplace),f1675f5edba5f334f4ffbef55935f3c0,Web Development,CSS,HTML,Javascript,C#,SQL Server,,,,,,,,,,,,,,,,,,,,,,,,,,,,,,,,,,,,,,
CASS HR Intern,273582a264712881501a82eebdc2b908,Induction/onboarding,Health and safety,Remuneration,HR strategy,Staff engagement,Organisational culture,Recruitment/sourcing,Learning and development,Performance management,Values,HR information/analytics,HR Technology,,,,,,,,,,,,,,,,,,,,,,,,,,,,,,,,
JavaScript Developer,5509c51e5f1c118467adb59814e85462,Front-end Web Frameworks,Responsive Web,Web Development,Javascript,,,,,,,,,,,,,,,,,,,,,,,,,,,,,,,,,,,,,,,,
Web Developer,fdcf005917b5ca1d49de7333e018a9f8,Android,Front-end Web Frameworks,iOS / iPhone,Linux / Unix,Node.js,Responsive Web,SQL,Web Development,CSS,git,HTML,Java,Javascript,MySQL,Oracle,PHP,Agile,,,,,,,,,,,,,,,,,,,,,,,,,,,
JavaScript Developer,e8164bd074511bc5afb4045745b93755,Front-end Web Frameworks,Responsive Web,Web Development,Javascript,,,,,,,,,,,,,,,,,,,,,,,,,,,,,,,,,,,,,,,,
Designer (Central Design Team),23848eca90146b6284bc879636b64071,Responsive Web,CSS,HTML,Animation,Interaction Design,User Experience (UX),CS (Creative Suite),Sketch,Data Analysis,,,,,,,,,,,,,,,,,,,,,,,,,,,,,,,,,,,
Quality Assurance Intern,cd8bc338cfe486b630d8bd1a4ce4fdb2,Testing,git,Agile,Test Cases,Executing Tests,Integration Testing,Automated Testing,,,,,,,,,,,,,,,,,,,,,,,,,,,,,,,,,,,,,
 Support Analyst,0e61d665cf2113b43b5956c2cd44edc1,,,,,,,,,,,,,,,,,,,,,,,,,,,,,,,,,,,,,,,,,,,,
Mobile App Developer,b578886bc97b1ede2360434dfa67a784,Android,iOS / iPhone,SQL,Testing,git,Javascript,Agile,Executing Tests,AWS,,,,,,,,,,,,,,,,,,,,,,,,,,,,,,,,,,,
Web & Publishing Intern,b40f6cd1be08ab21f0b35ae7d06881f5,Front-end Web Frameworks,Responsive Web,Web Development,CSS,Javascript,,,,,,,,,,,,,,,,,,,,,,,,,,,,,,,,,,,,,,,
Mobile App Creative Designer,542a66c0a7e33b130da0008c0bb1b3c1,3D Modelling,Animation,Interaction Design,Motion Graphics / Compositing,Rendering,User Experience (UX),Video Editing,CS (Creative Suite),Illustrator,InDesign,Photoshop,,,,,,,,,,,,,,,,,,,,,,,,,,,,,,,,,
PHP Developers,1314b6b26029cd256957308169ab2c86,SQL,Testing,git,HTML,Javascript,PHP,Database Administration,,,,,,,,,,,,,,,,,,,,,,,,,,,,,,,,,,,,,
Designer,129c26390688c3d6600f104f3cde6186,Interaction Design,Typography,Sketch,,,,,,,,,,,,,,,,,,,,,,,,,,,,,,,,,,,,,,,,,
Designer,5fc5ba6117cefb831f876e93f7023912,Interaction Design,Typography,Sketch,,,,,,,,,,,,,,,,,,,,,,,,,,,,,,,,,,,,,,,,,
Architecture Intern,a5168ab28445769a460ee6fb12263adf,Data Analysis,Statistics,Information Architecture,Database Administration,Firewalls,Information Security,Load Balancers,Network Architecture,Network Engineering,Security Analysis,Switches / Routers,Systems Engineering,Systems Infrastructure,Systems Administration - Windows,VMware,Data Modelling & Mining,Enterprise Architecture,Risk Assessment,Azure,MS Power BI,,,,,,,,,,,,,,,,,,,,,,,,
Platforms Automation Engineer,2c9c6fdb7d8f98a0e73e920ff9b0147b,Testing,Docker,git,Systems Engineering,Systems Infrastructure,Systems Administration - Windows,Systems Administration - OS X,Automation,Amazon Web Services,Azure,,,,,,,,,,,,,,,,,,,,,,,,,,,,,,,,,,
Deloitte Consulting Internship,f2b13c3cfbf53a73809eed17dd4be7f0,Data Analysis,Project Management,Business Analysis,Information Architecture,Agile,Business Intelligence,Enterprise Architecture,Portfolio Management,Risk Assessment,Process Improvement,,,,,,,,,,,,,,,,,,,,,,,,,,,,,,,,,,
Deloitte Consulting Internship,42b9f04758cb092c4d6b0609875330f5,Data Analysis,Project Management,Business Analysis,Information Architecture,Agile,Business Intelligence,Enterprise Architecture,Portfolio Management,Risk Assessment,Process Improvement,,,,,,,,,,,,,,,,,,,,,,,,,,,,,,,,,,
Ruby Development Interns! ,d3e751d12f784953edcc26ae7d0e95c7,SQL,Testing,Web Development,CSS,git,HTML,Javascript,MySQL,Ruby on Rails,Agile,Integration Testing,Automated Testing,Risk Assessment,,,,,,,,,,,,,,,,,,,,,,,,,,,,,,,
Ruby Development Interns! ,9cf86b0ba873e09983a7151e7e8f893c,SQL,Testing,Web Development,CSS,git,HTML,Javascript,MySQL,Ruby on Rails,Agile,Integration Testing,Automated Testing,Risk Assessment,,,,,,,,,,,,,,,,,,,,,,,,,,,,,,,
Ruby Development Interns! ,a071b7cdd305f4f61ebbb5234a51a1ff,SQL,Testing,Web Development,CSS,git,HTML,Javascript,MySQL,Ruby on Rails,Agile,Integration Testing,Automated Testing,Risk Assessment,,,,,,,,,,,,,,,,,,,,,,,,,,,,,,,
Ruby Development Interns! ,51196ebd7a0b0ea49c5c7b01bfe3c1d1,SQL,Testing,Web Development,CSS,git,HTML,Javascript,MySQL,Ruby on Rails,Agile,Integration Testing,Automated Testing,Risk Assessment,,,,,,,,,,,,,,,,,,,,,,,,,,,,,,,
Deloitte Cyber Security Internship,1313ad0b9eabdc48bc24e713e6717c25,Information Security,,,,,,,,,,,,,,,,,,,,,,,,,,,,,,,,,,,,,,,,,,,
Deloitte Consulting Internship,66445f5dc071b0fa82fcc1a2ac9a5db9,Data Analysis,Project Management,Business Analysis,Information Architecture,Agile,Business Intelligence,Enterprise Architecture,Portfolio Management,Risk Assessment,Process Improvement,,,,,,,,,,,,,,,,,,,,,,,,,,,,,,,,,,
Deloitte Cyber Security Internship,d5933961986197268ddfc72d3a177270,,,,,,,,,,,,,,,,,,,,,,,,,,,,,,,,,,,,,,,,,,,,
HR Summer Intern - Social Media,ff9b07f1c69e5357dd0f7db36054a1b2,Induction/onboarding,Project Management,Staff engagement,Organisational culture,Recruitment/sourcing,Learning and development,Policy development,Employment branding,Values,HR information/analytics,HR Technology,,,,,,,,,,,,,,,,,,,,,,,,,,,,,,,,,
GUI Software Development (JavaScript),160dbf44ed2368b1bdf46038c90b14d4,Javascript,,,,,,,,,,,,,,,,,,,,,,,,,,,,,,,,,,,,,,,,,,,
Deloitte Consulting Internship,1592864a22ccbefd4b552c0dc479a995,Data Analysis,Project Management,Business Analysis,Information Architecture,Agile,Business Intelligence,Enterprise Architecture,Portfolio Management,Risk Assessment,Process Improvement,,,,,,,,,,,,,,,,,,,,,,,,,,,,,,,,,,
JavaScript Developer,7265b3182f2009f49e2386975d898416,Front-end Web Frameworks,Responsive Web,Web Development,Javascript,,,,,,,,,,,,,,,,,,,,,,,,,,,,,,,,,,,,,,,,
JavaScript Developer,226413e5cf079f9c6a09c2e4889c6c8f,Front-end Web Frameworks,Responsive Web,Web Development,Javascript,,,,,,,,,,,,,,,,,,,,,,,,,,,,,,,,,,,,,,,,
Talent Coordinator,8f4d30d4577a4b7424b4cc75524bc793,Graduate recruitment,,,,,,,,,,,,,,,,,,,,,,,,,,,,,,,,,,,,,,,,,,,
Developer ,032c9ec87a622f326132612615479d3d,,,,,,,,,,,,,,,,,,,,,,,,,,,,,,,,,,,,,,,,,,,,
Information Security Intern,fe8e8037a4e29f0fed11a26309cc24ea,Android,iOS / iPhone,Linux / Unix,Network Programming,SQL,Testing,Web Development,git,HTML,Javascript,PHP,Ruby on Rails,Firewalls,Information Security,Network Architecture,Security Analysis,,,,,,,,,,,,,,,,,,,,,,,,,,,,
Information Security Intern,abedeb5096d9175a912de1e86a439c8d,Android,iOS / iPhone,Linux / Unix,Network Programming,SQL,Testing,Web Development,git,HTML,Javascript,PHP,Ruby on Rails,Firewalls,Information Security,Network Architecture,Security Analysis,,,,,,,,,,,,,,,,,,,,,,,,,,,,
AWS Solution Architect - Intern,da1effbae1b13db5e22bd4535c08b5ff,,,,,,,,,,,,,,,,,,,,,,,,,,,,,,,,,,,,,,,,,,,,
AWS Solution Architect - Intern,9818a0390241fe155b8a48b0619c9490,,,,,,,,,,,,,,,,,,,,,,,,,,,,,,,,,,,,,,,,,,,,
Abletech Internship,0e57b594a91af320663cf51cd0d96b06,Linux / Unix,Node.js,CSS,git,HTML,Javascript,Ruby on Rails,React,,,,,,,,,,,,,,,,,,,,,,,,,,,,,,,,,,,,
Campaign Manager,cd5df96fddd32feb13a4499bf99b0bbc,HTML,Copy Writing,Digital Marketing,Email Marketing,Verbal Communication,Marketing Automation,Direct Marketing,,,,,,,,,,,,,,,,,,,,,,,,,,,,,,,,,,,,,
DevOps Engineer,bf65e253c94ffbaa3fd18426f131e1cb,Computer Architecture,Linux / Unix,Node.js,Docker,git,Java,Puppet,Python,Ruby on Rails,Clustering,Firewalls,Information Security,Load Balancers,Systems Engineering,Systems Infrastructure,DBA - NoSQL,Systems Administration - Unix / Linux,Automation,AWS,Amazon Web Services,,,,,,,,,,,,,,,,,,,,,,,,
Software Developer - Rails/Web/Mobile,2fd61841d6e668b80c523c8e1649edfd,Android,Front-end Web Frameworks,iOS / iPhone,Linux / Unix,Node.js,Responsive Web,SQL,Web Development,CSS,git,HTML,Javascript,Swift,Postgres,Ruby on Rails,User Experience (UX),Photoshop,Information Architecture,Agile,Database Administration,Load Balancers,Network Architecture,DBA - PostgreSQL,Systems Administration - Unix / Linux,Machine Learning,Automation,Executing Tests,Integration Testing,Social Media Marketing: Facebook advertising,Social Media Marketing: Instagram advertising,Social Media Marketing: Snapchat advertising,Social Media Marketing: Twitter advertising,Content Marketing,Digital Marketing,Google Analytics,Search Engine Optimisation (SEO),Search Engine Marketing (SEM),Email Marketing: Mailchimp,Email Marketing,Marketing Automation,Automated Testing,AWS,Amazon Web Services,
QA/Development internship,88eef6416d3ffc12709c1f5c93dfeeb7,,,,,,,,,,,,,,,,,,,,,,,,,,,,,,,,,,,,,,,,,,,,
Predictive Analytics/Dev projects,59e9716ec20bcbf37f148ebb9b5d5703,Python,R,Data Analysis,Statistics,Data Modelling & Mining,,,,,,,,,,,,,,,,,,,,,,,,,,,,,,,,,,,,,,,
Development Intern,b324b7fab2595cb35804f7bee893e55a,Front-end Web Frameworks,Javascript,Ruby on Rails,React,,,,,,,,,,,,,,,,,,,,,,,,,,,,,,,,,,,,,,,,
IoT Software Engineering Internship,c6d2c23d1720f5ada67414d8a37f2bef,Front-end Web Frameworks,Linux / Unix,Node.js,git,Javascript,Distributed Computing / Virtualisation,Systems Engineering,Systems Administration - Unix / Linux,AWS,,,,,,,,,,,,,,,,,,,,,,,,,,,,,,,,,,,
End User Enablement Advisor,e6fe1ce20e8257501a9589caa61561cd,,,,,,,,,,,,,,,,,,,,,,,,,,,,,,,,,,,,,,,,,,,,
Test Analyst Interns! ,86fdbf78f2631c6b9e515cc8abd617d8,Testing,Agile,Automation,Test Cases,Executing Tests,Integration Testing,Automated Testing,Risk Assessment,,,,,,,,,,,,,,,,,,,,,,,,,,,,,,,,,,,,
Embedded Software Development Engineer,7683a03dd6b82423ec22ea8bb53ce608,C/C++,,,,,,,,,,,,,,,,,,,,,,,,,,,,,,,,,,,,,,,,,,,
Stormtrooper,637676f77f9c03f49458ae50092ebf9f,Distributed Programming,CSS,Docker,git,HTML,Java,Javascript,,,,,,,,,,,,,,,,,,,,,,,,,,,,,,,,,,,,,
Stormtrooper,aab0061a08c71ad71e75582fd3690723,Distributed Programming,CSS,Docker,git,HTML,Java,Javascript,,,,,,,,,,,,,,,,,,,,,,,,,,,,,,,,,,,,,
Stormtrooper,2baf010ccab901ec1d1c4c5ac367b8a8,Distributed Programming,CSS,Docker,git,HTML,Java,Javascript,,,,,,,,,,,,,,,,,,,,,,,,,,,,,,,,,,,,,
Stormtrooper,aac2f9bf1b3c756dad3a03b88b3d21c3,Distributed Programming,CSS,Docker,git,HTML,Java,Javascript,,,,,,,,,,,,,,,,,,,,,,,,,,,,,,,,,,,,,
Junior UX or digital designer #1,9eb32b7ad3b8d6f3f86fcc4b5cac89a0,Animation,Interaction Design,Typography,User Experience (UX),After Effects,CS (Creative Suite),Illustrator,InDesign,Photoshop,Sketch,,,,,,,,,,,,,,,,,,,,,,,,,,,,,,,,,,
Junior UX or digital designer #2,9c476dc877e0481727924a605d64b86b,Animation,Interaction Design,Typography,User Experience (UX),After Effects,CS (Creative Suite),Illustrator,InDesign,Photoshop,Sketch,,,,,,,,,,,,,,,,,,,,,,,,,,,,,,,,,,
Junior Dev - Web - #1,203e8a1fb2b6a968eb864f4cb53fa44a,Front-end Web Frameworks,Responsive Web,Web Development,CSS,git,Javascript,Agile,,,,,,,,,,,,,,,,,,,,,,,,,,,,,,,,,,,,,
Junior Dev - Web - #2,126b15a312e9f69d87bb364ea5bff1b8,Front-end Web Frameworks,Responsive Web,Web Development,CSS,git,Javascript,Agile,,,,,,,,,,,,,,,,,,,,,,,,,,,,,,,,,,,,,
Junior iOS developer,5c57458ab95d551c159f7e3481399ef9,iOS / iPhone,git,Java,Objective C,Swift,SQL Server,,,,,,,,,,,,,,,,,,,,,,,,,,,,,,,,,,,,,,
Junior visual designer - half summer,9ce3633365e1f5b791593ba50b2149e5,Animation,Interaction Design,Typography,User Experience (UX),After Effects,Illustrator,InDesign,Photoshop,Sketch,,,,,,,,,,,,,,,,,,,,,,,,,,,,,,,,,,,
Software Internship,28b44ac7ddb31884c35300f17391522f,,,,,,,,,,,,,,,,,,,,,,,,,,,,,,,,,,,,,,,,,,,,
Junior CX Designer,4965cb90c51cedf7ae64ea3edbaa39ff,Typography,User Experience (UX),Illustrator,InDesign,Sketch,,,,,,,,,,,,,,,,,,,,,,,,,,,,,,,,,,,,,,,
Developer (Ads),b26a03c462801def03e20eb821c074c5,Javascript,C#,,,,,,,,,,,,,,,,,,,,,,,,,,,,,,,,,,,,,,,,,,
Software Internship,decdc2847ad3e92f7a29914d0054ce2d,,,,,,,,,,,,,,,,,,,,,,,,,,,,,,,,,,,,,,,,,,,,
Business Insights Intern (Ads),b8a2681d7122926df847a2298f17b568,,,,,,,,,,,,,,,,,,,,,,,,,,,,,,,,,,,,,,,,,,,,
GNC Internship,80bc476c77036625c13c245111d8e5db,C/C++,Javascript,,,,,,,,,,,,,,,,,,,,,,,,,,,,,,,,,,,,,,,,,,
Mobile developer (Motors),2c17037fc013781fb16f507ca2e82e9c,Android,iOS / iPhone,git,Java,Objective C,Swift,Agile,,,,,,,,,,,,,,,,,,,,,,,,,,,,,,,,,,,,,
AWS Solution Architect – Intern,ca7e794514ed580fb60370f85ea2b98d,,,,,,,,,,,,,,,,,,,,,,,,,,,,,,,,,,,,,,,,,,,,
Developer (Motors),c715478ead6537a3b7130fa7146efbfb,SQL,Web Development,CSS,HTML,Javascript,C#,,,,,,,,,,,,,,,,,,,,,,,,,,,,,,,,,,,,,,
Junior Developer,e629d68411ebde4d7b307209811c903c,Front-end Web Frameworks,Web Development,Javascript,Mechatronics,Machine Learning,AWS,,,,,,,,,,,,,,,,,,,,,,,,,,,,,,,,,,,,,,
Junior Developer,0bb1a5ef69d758f37b518c649880a59c,Front-end Web Frameworks,Web Development,Javascript,Mechatronics,Machine Learning,AWS,,,,,,,,,,,,,,,,,,,,,,,,,,,,,,,,,,,,,,
Junior Developer,e9f0fbbba150fed0e8d853725f586fe6,Front-end Web Frameworks,Web Development,Javascript,Mechatronics,Machine Learning,AWS,,,,,,,,,,,,,,,,,,,,,,,,,,,,,,,,,,,,,,
Python Developer - Grad or Intern,ff011188a99cbc115b11c6eae4212e31,Linux / Unix,CSS,git,HTML,Javascript,MySQL,Python,,,,,,,,,,,,,,,,,,,,,,,,,,,,,,,,,,,,,
GPS Spoofing Detection and Mitigation,67b57689f9b9b02c26fab2c616a4ab54,C#,Python,Executing Tests,,,,,,,,,,,,,,,,,,,,,,,,,,,,,,,,,,,,,,,,,
Business Analyst for NPD,a4b11b0aa8bd086bbfee266e78793a30,Project Management,Business Analysis,Information Architecture,Agile,,,,,,,,,,,,,,,,,,,,,,,,,,,,,,,,,,,,,,,,
Software development internship,7e989399c29038977859a55d2fc562fd,AI,Android,iOS / iPhone,SQL,Testing,Web Development,Windows Universal Apps,Docker,git,Java,MySQL,Swift,PHP,User Experience (UX),Business Analysis,Agile,Database Administration,DBA - MySQL,Verbal Communication,AWS,Amazon Web Services,,,,,,,,,,,,,,,,,,,,,,,
Developer (Marketplace),f9e1dd162aa1c0c93ed1152c2b9a5bfa,Web Development,CSS,HTML,Javascript,C#,SQL Server,,,,,,,,,,,,,,,,,,,,,,,,,,,,,,,,,,,,,,
Developer,0df6e79248baf1aeddac4ae7fae80577,Android,Front-end Web Frameworks,SQL,Web Development,git,Java,React,,,,,,,,,,,,,,,,,,,,,,,,,,,,,,,,,,,,,
Cyber Cop,f3a86b5e4a9ae604c441c2140d710a95,,,,,,,,,,,,,,,,,,,,,,,,,,,,,,,,,,,,,,,,,,,,
GPS Spoofing Detection and Mitigation,4a7ccb7db8100ca056b1efeca1fcce07,C#,Python,Executing Tests,,,,,,,,,,,,,,,,,,,,,,,,,,,,,,,,,,,,,,,,,
Social Media and Comms,32891e3adaeac7a7ac9d830eeabe7d33,Social Media Marketing: Facebook advertising,Copy Writing,Digital Marketing,Email Marketing: Mailchimp,Email Marketing,Market Research,Verbal Communication,Customer Support,,,,,,,,,,,,,,,,,,,,,,,,,,,,,,,,,,,,
Ruby Development Interns! ,775aaab9b51079d773643521d888e555,SQL,Testing,Web Development,CSS,git,HTML,Javascript,MySQL,Ruby on Rails,Agile,Integration Testing,Automated Testing,Risk Assessment,,,,,,,,,,,,,,,,,,,,,,,,,,,,,,,
AWS Solution Architect – Intern,3d5148b9d6b8d8d052f31cd6b7f6ca18,,,,,,,,,,,,,,,,,,,,,,,,,,,,,,,,,,,,,,,,,,,,
Developer ,d67e75cf8f125adc5898fb69c4d3be68,,,,,,,,,,,,,,,,,,,,,,,,,,,,,,,,,,,,,,,,,,,,
Information Management Lead,785f807e6108b1c63a3639ca4ada6efe,Linux / Unix,git,HTML,Javascript,MySQL,C#,Systems Infrastructure,DBA - MySQL,DBA - SQL Server,Systems Administration - Unix / Linux,Systems Administration - Windows,Customer Service,,,,,,,,,,,,,,,,,,,,,,,,,,,,,,,,
Developer (Search Engine Optimisation),d5172599c25bfb827f385aefb3cade02,Web Development,CSS,HTML,Javascript,,,,,,,,,,,,,,,,,,,,,,,,,,,,,,,,,,,,,,,,
HR Administrator -Internship to Fulltime,4cce1bfe67c90a72ff86f94e8bb0c8b6,Induction/onboarding,Health and safety,Staff engagement,Organisational culture,Recruitment/sourcing,Policy development,Values,HR information/analytics,,,,,,,,,,,,,,,,,,,,,,,,,,,,,,,,,,,,
Software Developer Intern,f437e5a5ee76810e49bf424fde1a890a,Testing,git,Java,C#,PHP,SQL Server,Database Administration,Distributed Computing / Virtualisation,Security Analysis,VMware,Automation,Executing Tests,Integration Testing,Automated Testing,,,,,,,,,,,,,,,,,,,,,,,,,,,,,,
Dev Ops Engineer - Summer Intern,2b25e310ece88bcfae905104d25080f1,,,,,,,,,,,,,,,,,,,,,,,,,,,,,,,,,,,,,,,,,,,,
Marketplace Design,7587c41870b2ea994366588a20d9b196,,,,,,,,,,,,,,,,,,,,,,,,,,,,,,,,,,,,,,,,,,,,
Developer (Marketing Automation),4250f813fd7ac612e66c624317753886,CSS,HTML,C#,SQL Server,Email Marketing,Marketing Automation,,,,,,,,,,,,,,,,,,,,,,,,,,,,,,,,,,,,,,
Social Media Intern,956da52c1e1dfe6f59fcd0c6c1a331b7,Photography,Video Editing,Photoshop,Social Media Marketing: Facebook advertising,Social Media Marketing: Instagram advertising,Social Media Marketing: LinkedIn advertising,Social Media Marketing: Snapchat advertising,Social Media Marketing: Twitter advertising,Content Marketing,Copy Writing,Digital Marketing,Search Engine Marketing (SEM),Online Content Creation: Content planning,Verbal Communication,Community Management,Branding,,,,,,,,,,,,,,,,,,,,,,,,,,,,
bigBoss project Rails Developer,131a0642278156a34402dd3d8ac3eb7b,Front-end Web Frameworks,CSS,git,HTML,Javascript,Postgres,Ruby on Rails,,,,,,,,,,,,,,,,,,,,,,,,,,,,,,,,,,,,,
Project Management Office Intern,b9a31a179c6ee0ae771733c3c16a6b14,Data Analysis,Project Management,Business Analysis,Agile,Business Intelligence,Risk Assessment,Process Improvement,,,,,,,,,,,,,,,,,,,,,,,,,,,,,,,,,,,,,
Python Developer,da55ecaff6e51021ff665d6adb8d4a3c,Linux / Unix,CSS,git,HTML,Javascript,MySQL,Python,,,,,,,,,,,,,,,,,,,,,,,,,,,,,,,,,,,,,
HR Assistant Internship,3c1fa4b958fc8dd0d7deae7f7cdbaf82,,,,,,,,,,,,,,,,,,,,,,,,,,,,,,,,,,,,,,,,,,,,
Visual Communication Designer/Writer,a113a4ab63f98b6e7dd1896013af4d0e,Typography,User Experience (UX),Content Marketing,Copy Writing,Digital Marketing,Market Research,Verbal Communication,,,,,,,,,,,,,,,,,,,,,,,,,,,,,,,,,,,,,
Developer - Ruby on Rails & JS,a15429e3a34033fa508de1683610a233,Front-end Web Frameworks,Web Development,git,HTML,Javascript,MySQL,Ruby on Rails,Agile,Automation,Integration Testing,Automated Testing,React,Technical Support,,,,,,,,,,,,,,,,,,,,,,,,,,,,,,,
Data Analytics Internship,2fbd2f3afafe70d6620f11f65ec21711,Data Analysis,Agile,Business Intelligence,Data Modelling & Mining,MS Power BI,,,,,,,,,,,,,,,,,,,,,,,,,,,,,,,,,,,,,,,
Android Developer,ebf4086dca266511e1f9913153287067,Android,Java,Integration Testing,Automated Testing,,,,,,,,,,,,,,,,,,,,,,,,,,,,,,,,,,,,,,,,
8i Network and Systems Engineer,dc9034f300bef944f516b70b1defaaa0,Linux / Unix,Docker,Firewalls,Network Architecture,Network Engineering,Switches / Routers,Systems Engineering,Systems Infrastructure,Systems Administration - Unix / Linux,Systems Administration - Windows,Systems Administration - OS X,Amazon Web Services,Technical Support,,,,,,,,,,,,,,,,,,,,,,,,,,,,,,,
Engineering Intern,ec7e2a92e3b491ad85f215ac4e457d51,,,,,,,,,,,,,,,,,,,,,,,,,,,,,,,,,,,,,,,,,,,,
